transect,cumulative S,1995 S,1996 S,1997 S,1998 S,1999 S,2000 S,2001 S,2002 S,2003 S,2005 S,2013 S,2014 S,canyon,range,years sampled,centroid x (NAD83 zone 11),centroid y (NAD83 zone 11),area (ha),elev_mean,tri_Riley,precip 1995,precip 1996,precip 1997,precip 1998,precip 1999,precip 2000,precip 2001,precip 2002,precip 2003,precip 2004,precip 2005,precip 2006,precip 2007,precip 2008,precip 2009,precip 2010,precip 2011,precip 2012,precip 2013,precip 2014,maxtemp_1995,maxtemp_1996,maxtemp_1997,maxtemp_1998,maxtemp_1999,maxtemp_2000,maxtemp_2001,maxtemp_2002,maxtemp_2003,maxtemp_2004,maxtemp_2005,maxtemp_2006,maxtemp_2007,maxtemp_2008,maxtemp_2009,maxtemp_2010,maxtemp_2011,maxtemp_2012,maxtemp_2013,maxtemp_2014,nectar 2013,nectar 2014,mud 2013,mud 2014
AN01,55,,24,32,38,28,,,,,,27,23,Antone,Toquima,6,508197,4279970,10.5034,2402,651.95,663.72,412.24,545.34,707.66,469.91,386.82,350.77,318,415.29,349.26,657.1,469.15,396.51,307.59,491,391.43,621.53,353.06,349.5,429.77,11.6,14.27,12.63,11.31,11.98,14.35,12.88,13.47,13.62,13.19,12.37,13.34,13.62,12.91,13.18,12.03,12.37,13.58,13.18,13.45,3,3,3,2
AN02,47,,23,23,36,22,,,,,,19,19,Antone,Toquima,6,506688,4279550,7.55255,2496,720.82,663.72,412.24,545.34,707.66,469.91,386.82,350.77,318,415.29,349.26,657.1,469.15,396.51,307.59,491,391.43,621.53,353.06,349.5,429.77,11.6,14.27,12.63,11.31,11.98,14.35,12.88,13.47,13.62,13.19,12.37,13.34,13.62,12.91,13.18,12.03,12.37,13.58,13.18,13.45,3,3,1,2
AN03,44,,16,23,27,19,,,,,,24,16,Antone,Toquima,6,505557,4279310,5.25519,2600,774.12,663.72,412.24,545.34,707.66,469.91,386.82,350.77,318,415.29,349.26,657.1,469.15,396.51,307.59,491,391.43,621.53,353.06,349.5,429.77,11.6,14.27,12.63,11.31,11.98,14.35,12.88,13.47,13.62,13.19,12.37,13.34,13.62,12.91,13.18,12.03,12.37,13.58,13.18,13.45,3,2,1,2
AN04,37,,12,15,24,12,,,,,,18,15,Antone,Toquima,6,504807,4278840,3.74613,2711,764.66,837.44,517.65,690.38,878.83,605.54,495.04,434.85,421.14,520.96,446.03,819.15,605.29,523.22,395.48,637.04,497.59,790.17,466.34,432.84,543.54,8.66,11.08,9.61,8.35,8.88,11.18,10.05,10.5,10.33,10.84,9.91,10.76,10.98,10.35,10.58,9.66,9.77,11,10.58,10.78,3,2,0,1
BA01,40,,,,,,26,27,25,21,,25,18,Barrett,Shoshone,6,457806,4327000,7.87732,2150,579.94,477.78,287.79,415.28,528.59,356.09,300.99,250.45,244.59,331.98,248.66,421.64,309.36,262.11,221,342.41,268.23,410.21,220.48,224.52,314.44,12.5,15.23,13.68,12.48,12.98,15.48,14.08,14.5,14.54,14.23,13.37,14.68,14.87,13.77,14.29,13.28,13.56,15.11,14.46,14.86,2,1,0,0
BA02,42,,,,,,27,24,27,23,,23,22,Barrett,Shoshone,6,456129,4327500,10.357,2258,801.5,477.78,287.79,415.28,528.59,356.09,300.99,250.45,244.59,331.98,248.66,421.64,309.36,262.11,221,342.41,268.23,410.21,220.48,224.52,314.44,12.5,15.23,13.68,12.48,12.98,15.48,14.08,14.5,14.54,14.23,13.37,14.68,14.87,13.77,14.29,13.28,13.56,15.11,14.46,14.86,2,1,0,0
BA03,57,,,,,,34,29,32,31,,30,24,Barrett,Shoshone,6,454425,4327630,7.47047,2392,798.08,645.16,393.95,546.61,696.98,472.69,390.39,329.44,328.17,430.28,333.76,568.95,416.81,374.65,296.16,466.36,374.65,562.35,292.35,315.47,405.12,10.32,12.95,11.5,10.36,10.79,13.21,12.03,12.39,12.22,12.35,11.62,12.84,13.02,12.13,12.48,11.53,11.72,13.11,12.45,12.9,3,2,2,2
BA04,49,,,,,,29,35,36,22,,21,15,Barrett,Shoshone,6,453553,4328170,3.97738,2506,753.24,645.16,393.95,546.61,696.98,472.69,390.39,329.44,328.17,430.28,333.76,568.95,416.81,374.65,296.16,466.36,374.65,562.35,292.35,315.47,405.12,10.32,12.95,11.5,10.36,10.79,13.21,12.03,12.39,12.22,12.35,11.62,12.84,13.02,12.13,12.48,11.53,11.72,13.11,12.45,12.9,3,2,0,2
BA05,38,,,,,,20,23,17,14,,23,18,Barrett,Shoshone,6,453042,4328610,3.90421,2650,929.2,591.05,355.1,483.87,629.42,427.48,345.7,300.48,295.39,397.76,301.49,515.11,376.42,338.59,270.5,416.31,341.62,513.58,264.42,282.71,368.04,11,13.65,12.16,11.04,11.53,13.93,12.71,13.03,12.98,13.03,12.29,13.48,13.63,12.72,13.12,12.09,12.33,13.76,13.13,13.58,3,2,0,1
BA06,36,,,,,,27,22,17,12,,16,13,Barrett,Shoshone,6,452999,4328970,1.29328,2741,496.18,591.05,355.1,483.87,629.42,427.48,345.7,300.48,295.39,397.76,301.49,515.11,376.42,338.59,270.5,416.31,341.62,513.58,264.42,282.71,368.04,11,13.65,12.16,11.04,11.53,13.93,12.71,13.03,12.98,13.03,12.29,13.48,13.63,12.72,13.12,12.09,12.33,13.76,13.13,13.58,3,2,1,1
BA07,29,,,,,,21,13,10,9,,16,13,Barrett,Shoshone,6,453320,4329110,2.36544,2771,379.59,591.05,355.1,483.87,629.42,427.48,345.7,300.48,295.39,397.76,301.49,515.11,376.42,338.59,270.5,416.31,341.62,513.58,264.42,282.71,368.04,11,13.65,12.16,11.04,11.53,13.93,12.71,13.03,12.98,13.03,12.29,13.48,13.63,12.72,13.12,12.09,12.33,13.76,13.13,13.58,3,2,0,0
BC01,47,47,,,,,,,,,,,,Big Creek,Toiyabe,1,489072,4354550,9.71245,2088,659.02,980.71,547.63,644.65,1017.53,645.15,466.08,513.33,501.4,581.16,559.56,685.29,587.5,572.25,457.46,692.66,588.02,839.71,413.76,503.67,531.64,10.98,13.67,12.18,11.24,11.57,13.79,12.92,13.1,12.89,13.33,12.79,13.94,13.98,13.14,13.46,12.57,12.67,14.01,13.33,13.73,,,,
BC02,45,45,,,,,,,,,,,,Big Creek,Toiyabe,1,489605,4352960,7.89311,2178,660.3,980.71,547.63,644.65,1017.53,645.15,466.08,513.33,501.4,581.16,559.56,685.29,587.5,572.25,457.46,692.66,588.02,839.71,413.76,503.67,531.64,10.98,13.67,12.18,11.24,11.57,13.79,12.92,13.1,12.89,13.33,12.79,13.94,13.98,13.14,13.46,12.57,12.67,14.01,13.33,13.73,,,,
BC03,46,46,,,,,,,,,,,,Big Creek,Toiyabe,1,489648,4351690,5.47506,2271,668.05,980.71,547.63,644.65,1017.53,645.15,466.08,513.33,501.4,581.16,559.56,685.29,587.5,572.25,457.46,692.66,588.02,839.71,413.76,503.67,531.64,10.98,13.67,12.18,11.24,11.57,13.79,12.92,13.1,12.89,13.33,12.79,13.94,13.98,13.14,13.46,12.57,12.67,14.01,13.33,13.73,,,,
BC04,38,38,,,,,,,,,,,,Big Creek,Toiyabe,1,489652,4350610,5.77955,2372,735.87,886.71,498.1,589.79,938.53,576.84,425.46,459.25,447.3,519.7,494.77,625.86,534.92,504.94,409.71,618.24,520.68,762,371.86,448.3,488.69,8.66,11.35,9.85,8.93,9.35,11.55,10.54,10.8,10.46,11.24,10.6,11.7,11.73,10.96,11.38,10.52,10.54,11.89,11.12,11.53,,,,
BC05,31,31,,,,,,,,,,,,Big Creek,Toiyabe,1,489811,4349820,2.98478,2470,632.5,886.71,498.1,589.79,938.53,576.84,425.46,459.25,447.3,519.7,494.77,625.86,534.92,504.94,409.71,618.24,520.68,762,371.86,448.3,488.69,8.66,11.35,9.85,8.93,9.35,11.55,10.54,10.8,10.46,11.24,10.6,11.7,11.73,10.96,11.38,10.52,10.54,11.89,11.12,11.53,,,,
BC06,15,15,,,,,,,,,,,,Big Creek,Toiyabe,1,490071,4349290,3.29644,2568,764.88,886.71,498.1,589.79,938.53,576.84,425.46,459.25,447.3,519.7,494.77,625.86,534.92,504.94,409.71,618.24,520.68,762,371.86,448.3,488.69,8.66,11.35,9.85,8.93,9.35,11.55,10.54,10.8,10.46,11.24,10.6,11.7,11.73,10.96,11.38,10.52,10.54,11.89,11.12,11.53,,,,
BC07,10,10,,,,,,,,,,,,Big Creek,Toiyabe,1,489810,4349380,1.06346,2633,452.71,886.71,498.1,589.79,938.53,576.84,425.46,459.25,447.3,519.7,494.77,625.86,534.92,504.94,409.71,618.24,520.68,762,371.86,448.3,488.69,8.66,11.35,9.85,8.93,9.35,11.55,10.54,10.8,10.46,11.24,10.6,11.7,11.73,10.96,11.38,10.52,10.54,11.89,11.12,11.53,,,,
BE01,45,,,,,,23,20,20,16,,33,11,Becker,Shoshone,6,459358,4328410,10.7698,2181,714.8,342.38,205.21,310.92,391.17,268.48,226.06,189.74,180.61,256.28,182.62,303.8,226.31,171.94,161.54,246.13,180.86,287.27,161.55,150.87,235.45,13.98,16.7,15.12,13.89,14.38,16.99,15.47,15.98,16.02,15.68,14.61,15.97,16.27,14.98,15.68,14.68,14.91,16.56,15.87,16.26,3,1,3,1
BE02,40,,,,,,24,23,18,14,,21,14,Becker,Shoshone,6,459403,4330000,5.66182,2277,619.04,603.75,367.8,508.76,642.11,434.11,361.7,308.59,311.16,407.41,314.45,526.05,393.95,346.2,278.12,436.12,350.75,520.45,266.95,290.32,378.21,11.03,13.63,12.13,10.94,11.35,13.8,12.68,12.98,12.87,12.91,12.19,13.34,13.55,12.62,12.98,11.99,12.27,13.65,12.93,13.43,2,1,0,0
BE03,31,,,,,,17,19,16,10,,19,12,Becker,Shoshone,6,459793,4330640,1.93706,2345,512.59,603.75,367.8,508.76,642.11,434.11,361.7,308.59,311.16,407.41,314.45,526.05,393.95,346.2,278.12,436.12,350.75,520.45,266.95,290.32,378.21,11.03,13.63,12.13,10.94,11.35,13.8,12.68,12.98,12.87,12.91,12.19,13.34,13.55,12.62,12.98,11.99,12.27,13.65,12.93,13.43,1,1,0,0
BI01,51,46,,,,,,,,,,30,28,Birch,Toiyabe,3,498690,4359000,9.79236,1973,640.77,892.04,515.12,672.83,922.03,620.02,479.81,461.01,486.15,530.36,462.8,702.56,593.83,540.01,414.53,582.16,490.74,739.91,353.31,417.57,514.62,9.35,11.79,10.43,9.34,9.91,12.22,11.13,11.48,11.13,11.68,10.93,11.97,12.2,11.41,11.89,10.98,10.96,12.26,11.57,11.94,3,3,3,3
BI02,50,42,,,,,,,,,,35,31,Birch,Toiyabe,3,497299,4359890,8.48422,2071,687.99,892.04,515.12,672.83,922.03,620.02,479.81,461.01,486.15,530.36,462.8,702.56,593.83,540.01,414.53,582.16,490.74,739.91,353.31,417.57,514.62,9.35,11.79,10.43,9.34,9.91,12.22,11.13,11.48,11.13,11.68,10.93,11.97,12.2,11.41,11.89,10.98,10.96,12.26,11.57,11.94,3,3,3,2
BI03,58,56,,,,,,,,,,32,36,Birch,Toiyabe,3,496357,4361260,10.5198,2164,623.68,892.04,515.12,672.83,922.03,620.02,479.81,461.01,486.15,530.36,462.8,702.56,593.83,540.01,414.53,582.16,490.74,739.91,353.31,417.57,514.62,9.35,11.79,10.43,9.34,9.91,12.22,11.13,11.48,11.13,11.68,10.93,11.97,12.2,11.41,11.89,10.98,10.96,12.26,11.57,11.94,3,3,2,2
BI04,58,53,,,,,,,,,,24,35,Birch,Toiyabe,3,495988,4362910,7.19921,2244,706.67,892.04,515.12,672.83,922.03,620.02,479.81,461.01,486.15,530.36,462.8,702.56,593.83,540.01,414.53,582.16,490.74,739.91,353.31,417.57,514.62,9.35,11.79,10.43,9.34,9.91,12.22,11.13,11.48,11.13,11.68,10.93,11.97,12.2,11.41,11.89,10.98,10.96,12.26,11.57,11.94,3,3,3,3
BI05,46,40,,,,,,,,,,20,27,Birch,Toiyabe,3,496095,4364100,5.17899,2341,704.93,892.04,515.12,672.83,922.03,620.02,479.81,461.01,486.15,530.36,462.8,702.56,593.83,540.01,414.53,582.16,490.74,739.91,353.31,417.57,514.62,9.35,11.79,10.43,9.34,9.91,12.22,11.13,11.48,11.13,11.68,10.93,11.97,12.2,11.41,11.89,10.98,10.96,12.26,11.57,11.94,3,3,3,3
BI06,43,35,,,,,,,,,,20,23,Birch,Toiyabe,3,495627,4364760,3.93807,2442,709.19,892.04,515.12,672.83,922.03,620.02,479.81,461.01,486.15,530.36,462.8,702.56,593.83,540.01,414.53,582.16,490.74,739.91,353.31,417.57,514.62,9.35,11.79,10.43,9.34,9.91,12.22,11.13,11.48,11.13,11.68,10.93,11.97,12.2,11.41,11.89,10.98,10.96,12.26,11.57,11.94,3,3,3,1
BI07,32,28,,,,,,,,,,17,22,Birch,Toiyabe,3,495398,4365440,5.57685,2535,733.38,892.04,515.12,672.83,922.03,620.02,479.81,461.01,486.15,530.36,462.8,702.56,593.83,540.01,414.53,582.16,490.74,739.91,353.31,417.57,514.62,9.35,11.79,10.43,9.34,9.91,12.22,11.13,11.48,11.13,11.68,10.93,11.97,12.2,11.41,11.89,10.98,10.96,12.26,11.57,11.94,3,2,0,3
CL01,18,,18,,,,,,,,,,,Clear,Toiyabe,1,465862,4310070,6.87663,2322,621.05,392.43,221.49,354.58,440.69,298.21,257.06,209.8,196.33,277.36,203.96,347.73,252.47,208.04,175.27,272.79,214.12,322.83,188.72,180.1,269.74,13.43,16.17,14.57,13.35,13.86,16.38,14.89,15.36,15.43,15.08,14.05,15.37,15.67,14.43,15.11,14.12,14.33,15.93,15.28,15.58,,,,
CL02,25,,25,,,,,,,,,,,Clear,Toiyabe,1,466934,4309450,6.00584,2421,761.79,669.04,391.92,600.22,733.05,492.51,420.89,334,342.39,436.36,346.46,587.25,440.94,385.08,302.52,477.53,380,562.1,309.11,332.99,423.93,10.45,13.08,11.54,10.38,10.8,13.25,12.05,12.46,12.31,12.21,11.38,12.53,12.87,12.06,12.43,11.38,11.56,12.98,12.34,12.73,,,,
CL03,16,,16,,,,,,,,,,,Clear,Toiyabe,1,468006,4309420,4.79834,2563,825.71,669.04,391.92,600.22,733.05,492.51,420.89,334,342.39,436.36,346.46,587.25,440.94,385.08,302.52,477.53,380,562.1,309.11,332.99,423.93,10.45,13.08,11.54,10.38,10.8,13.25,12.05,12.46,12.31,12.21,11.38,12.53,12.87,12.06,12.43,11.38,11.56,12.98,12.34,12.73,,,,
CL04,7,,7,,,,,,,,,,,Clear,Toiyabe,1,468676,4309050,2.97634,2667,779.65,669.04,391.92,600.22,733.05,492.51,420.89,334,342.39,436.36,346.46,587.25,440.94,385.08,302.52,477.53,380,562.1,309.11,332.99,423.93,10.45,13.08,11.54,10.38,10.8,13.25,12.05,12.46,12.31,12.21,11.38,12.53,12.87,12.06,12.43,11.38,11.56,12.98,12.34,12.73,,,,
CL05,17,,17,,,,,,,,,,,Clear,Toiyabe,1,469241,4309070,2.76613,2766,668.85,669.04,391.92,600.22,733.05,492.51,420.89,334,342.39,436.36,346.46,587.25,440.94,385.08,302.52,477.53,380,562.1,309.11,332.99,423.93,10.45,13.08,11.54,10.38,10.8,13.25,12.05,12.46,12.31,12.21,11.38,12.53,12.87,12.06,12.43,11.38,11.56,12.98,12.34,12.73,,,,
CL06,14,,14,,,,,,,,,,,Clear,Toiyabe,1,469927,4309250,4.33494,2890,856.71,870.44,527.55,766.56,932.69,628.91,540.25,435.09,460,565.41,454.14,771.13,591.06,525.52,406.64,632.95,511.29,743.45,402.84,443.23,541.02,8.5,10.95,9.53,8.33,8.81,11.19,10.03,10.48,10.21,10.78,9.9,10.82,11.16,10.42,10.73,9.77,9.87,11.18,10.61,11,,,,
CL07,12,,12,,,,,,,,,,,Clear,Toiyabe,1,470574,4309160,2.70425,2983,783.57,870.44,527.55,766.56,932.69,628.91,540.25,435.09,460,565.41,454.14,771.13,591.06,525.52,406.64,632.95,511.29,743.45,402.84,443.23,541.02,8.5,10.95,9.53,8.33,8.81,11.19,10.03,10.48,10.21,10.78,9.9,10.82,11.16,10.42,10.73,9.77,9.87,11.18,10.61,11,,,,
CL08,16,,16,,,,,,,,,,,Clear,Toiyabe,1,471118,4309040,3.18885,3095,857.5,870.44,527.55,766.56,932.69,628.91,540.25,435.09,460,565.41,454.14,771.13,591.06,525.52,406.64,632.95,511.29,743.45,402.84,443.23,541.02,8.5,10.95,9.53,8.33,8.81,11.19,10.03,10.48,10.21,10.78,9.9,10.82,11.16,10.42,10.73,9.77,9.87,11.18,10.61,11,,,,
CL09,20,,20,,,,,,,,,,,Clear,Toiyabe,1,471726,4309170,3.08897,3218,996.18,870.44,527.55,766.56,932.69,628.91,540.25,435.09,460,565.41,454.14,771.13,591.06,525.52,406.64,632.95,511.29,743.45,402.84,443.23,541.02,8.5,10.95,9.53,8.33,8.81,11.19,10.03,10.48,10.21,10.78,9.9,10.82,11.16,10.42,10.73,9.77,9.87,11.18,10.61,11,,,,
CNM,11,,,11,,,,,,,,,,Corcoran,Toquima,1,515719,4281860,6.42255,2243,423.7,464.07,265.67,379.5,504.43,326.64,260.87,250.71,204.73,288.81,243.09,468.62,305.81,260.87,200.66,327.16,267.46,417.82,252.23,239.51,306.55,13.05,15.86,14.16,12.8,13.55,15.96,14.29,15.03,15.13,14.6,13.71,14.83,15.03,14.16,14.58,13.28,13.73,15.16,14.61,14.94,,,,
CNN01,17,,,17,,,,,,,,,,Corcoran,Toquima,1,515275,4283110,8.60149,2289,594.69,581.15,356.62,468.38,610.36,405.12,329.44,311.15,275.08,356.87,303.28,571.24,404.87,334.76,265.43,424.94,341.89,534.68,312.17,302.51,367.54,12.17,14.88,13.21,11.89,12.6,14.99,13.44,14.08,14.22,13.73,12.9,13.97,14.17,13.43,13.74,12.54,12.9,14.16,13.71,13.99,,,,
CNN02,23,,,23,,,,,,,,,,Corcoran,Toquima,1,513646,4283730,10.9854,2385,734.4,581.15,356.62,468.38,610.36,405.12,329.44,311.15,275.08,356.87,303.28,571.24,404.87,334.76,265.43,424.94,341.89,534.68,312.17,302.51,367.54,12.17,14.88,13.21,11.89,12.6,14.99,13.44,14.08,14.22,13.73,12.9,13.97,14.17,13.43,13.74,12.54,12.9,14.16,13.71,13.99,,,,
CNN03,14,,,14,,,,,,,,,,Corcoran,Toquima,1,512532,4285020,6.37942,2481,646,581.15,356.62,468.38,610.36,405.12,329.44,311.15,275.08,356.87,303.28,571.24,404.87,334.76,265.43,424.94,341.89,534.68,312.17,302.51,367.54,12.17,14.88,13.21,11.89,12.6,14.99,13.44,14.08,14.22,13.73,12.9,13.97,14.17,13.43,13.74,12.54,12.9,14.16,13.71,13.99,,,,
CNS01,14,,,14,,,,,,,,,,Corcoran,Toquima,1,514766,4282250,6.04571,2289,501.95,581.15,356.62,468.38,610.36,405.12,329.44,311.15,275.08,356.87,303.28,571.24,404.87,334.76,265.43,424.94,341.89,534.68,312.17,302.51,367.54,12.17,14.88,13.21,11.89,12.6,14.99,13.44,14.08,14.22,13.73,12.9,13.97,14.17,13.43,13.74,12.54,12.9,14.16,13.71,13.99,,,,
CNS02,24,,,24,,,,,,,,,,Corcoran,Toquima,1,513604,4282430,6.2612,2350,585.81,581.15,356.62,468.38,610.36,405.12,329.44,311.15,275.08,356.87,303.28,571.24,404.87,334.76,265.43,424.94,341.89,534.68,312.17,302.51,367.54,12.17,14.88,13.21,11.89,12.6,14.99,13.44,14.08,14.22,13.73,12.9,13.97,14.17,13.43,13.74,12.54,12.9,14.16,13.71,13.99,,,,
CT01,25,25,,,,,,,,,,,,Cottonwood,Toiyabe,1,476057,4333810,4.90158,2147,429.55,373.88,208.53,304.04,427.23,264.66,216.41,194.83,188.96,255.53,179.34,314.7,239,202.68,168.39,241.81,213.09,314.22,149.85,149.1,260.1,14.33,17.04,15.44,14.33,14.88,17.34,15.86,16.26,16.36,15.89,14.94,16.43,16.56,15.46,16.05,14.88,15.23,16.87,16.13,16.5,,,,
CT02,33,33,,,,,,,,,,,,Cottonwood,Toiyabe,1,476539,4333260,2.58368,2163,335.37,373.88,208.53,304.04,427.23,264.66,216.41,194.83,188.96,255.53,179.34,314.7,239,202.68,168.39,241.81,213.09,314.22,149.85,149.1,260.1,14.33,17.04,15.44,14.33,14.88,17.34,15.86,16.26,16.36,15.89,14.94,16.43,16.56,15.46,16.05,14.88,15.23,16.87,16.13,16.5,,,,
CT03,29,29,,,,,,,,,,,,Cottonwood,Toiyabe,1,477649,4332460,11.3104,2237,814.64,672.33,384.29,531.13,706.62,463.81,369.82,347.74,357.64,411.99,330.7,554.22,442.98,397.26,308.61,427.5,365.24,558.28,258.07,298.71,409.44,11,13.47,12.04,10.92,11.39,13.78,12.64,13.08,12.85,13.03,12.34,13.38,13.64,12.85,13.23,12.22,12.32,13.67,12.98,13.4,,,,
JE01,37,25,,,,,,,,,,28,13,Jett,Toiyabe,3,481236,4286410,8.12419,1954,686.21,313.95,187.97,264.69,347.99,232.16,188.2,176.26,123.7,203.21,154.7,315.21,201.66,160.29,124.2,200.14,176.27,260.36,172.19,150.87,218.68,15.76,18.57,16.81,15.47,16.15,18.76,16.91,17.65,17.81,17.31,16.33,17.41,17.66,16.74,17.27,15.84,16.35,17.91,17.55,17.78,2,2,2,2
JE02,38,31,,,,,,,,,,30,26,Jett,Toiyabe,3,479933,4286900,7.55438,2047,627.53,678.16,390.91,568.45,693.17,476.49,391.15,338.57,319.78,433.84,341.13,622.31,453.15,374.13,302.24,462.27,375.15,572.52,325.88,331.71,436.39,11.33,13.87,12.35,11.03,11.63,14.09,12.77,13.2,13.1,13.28,12.33,13.27,13.58,12.95,13.28,12.23,12.26,13.58,13.25,13.54,2,3,3,3
JE03,43,40,,,,,,,,,,23,19,Jett,Toiyabe,3,478713,4287590,7.51493,2139,651.47,678.16,390.91,568.45,693.17,476.49,391.15,338.57,319.78,433.84,341.13,622.31,453.15,374.13,302.24,462.27,375.15,572.52,325.88,331.71,436.39,11.33,13.87,12.35,11.03,11.63,14.09,12.77,13.2,13.1,13.28,12.33,13.27,13.58,12.95,13.28,12.23,12.26,13.58,13.25,13.54,2,2,3,3
JE04,35,28,,,,,,,,,,23,14,Jett,Toiyabe,3,477944,4288450,5.65864,2248,746.83,678.16,390.91,568.45,693.17,476.49,391.15,338.57,319.78,433.84,341.13,622.31,453.15,374.13,302.24,462.27,375.15,572.52,325.88,331.71,436.39,11.33,13.87,12.35,11.03,11.63,14.09,12.77,13.2,13.1,13.28,12.33,13.27,13.58,12.95,13.28,12.23,12.26,13.58,13.25,13.54,1,2,3,2
JE3D,23,23,,,,,,,,,,,,Jett,Toiyabe,1,479230,4286910,2.77638,2139,694.3,678.16,390.91,568.45,693.17,476.49,391.15,338.57,319.78,433.84,341.13,622.31,453.15,374.13,302.24,462.27,375.15,572.52,325.88,331.71,436.39,11.33,13.87,12.35,11.03,11.63,14.09,12.77,13.2,13.1,13.28,12.33,13.27,13.58,12.95,13.28,12.23,12.26,13.58,13.25,13.54,,,,
JF01,27,,13,17,20,12,,,,,,,,Jefferson,Toquima,4,498671,4285890,11.8008,2079,688.82,357.63,207.75,300.74,393.2,259.34,210.06,195.57,148.08,230.13,182.86,362.97,227.84,188.97,147.33,236.21,202.44,310.15,192.53,175.26,246.12,14.74,17.49,15.74,14.45,15.14,17.61,15.93,16.57,16.84,16.23,15.36,16.43,16.63,15.83,16.19,14.99,15.4,16.78,16.38,16.63,,,,
JF02,48,,28,27,29,22,,,,,,,,Jefferson,Toquima,4,500690,4285910,10.2865,2191,728.74,505.71,299.73,426.21,542.79,361.95,295.4,266.45,229.37,319.27,263.92,501.4,340.12,289.8,222.26,357.13,290.56,457.7,267.72,260.35,337.06,13.11,15.79,14.11,12.81,13.48,15.88,14.39,14.95,15.13,14.68,13.83,14.84,15.07,14.36,14.67,13.53,13.85,15.11,14.74,14.98,,,,
JF03,45,,25,30,31,31,,,,,,,,Jefferson,Toquima,4,502059,4284950,8.32446,2298,739.95,680.97,422.66,571,721.87,483.11,398.51,356.12,327.41,425.21,358.89,667.76,483.62,408.68,315.47,503.95,400.8,633.75,362.46,366.01,444.01,11.43,14.04,12.46,11.17,11.78,14.17,12.78,13.29,13.38,13.13,12.3,13.22,13.47,12.8,13.08,11.99,12.28,13.46,13.05,13.32,,,,
JF04,30,,22,18,11,9,,,,,,,,Jefferson,Toquima,4,503086,4284580,5.21023,2420,751.5,680.97,422.66,571,721.87,483.11,398.51,356.12,327.41,425.21,358.89,667.76,483.62,408.68,315.47,503.95,400.8,633.75,362.46,366.01,444.01,11.43,14.04,12.46,11.17,11.78,14.17,12.78,13.29,13.38,13.13,12.3,13.22,13.47,12.8,13.08,11.99,12.28,13.46,13.05,13.32,,,,
JF05,43,,24,25,29,23,,,,,,,,Jefferson,Toquima,4,504089,4283800,8.2859,2529,774.83,680.97,422.66,571,721.87,483.11,398.51,356.12,327.41,425.21,358.89,667.76,483.62,408.68,315.47,503.95,400.8,633.75,362.46,366.01,444.01,11.43,14.04,12.46,11.17,11.78,14.17,12.78,13.29,13.38,13.13,12.3,13.22,13.47,12.8,13.08,11.99,12.28,13.46,13.05,13.32,,,,
JF06,40,,26,25,25,20,,,,,,,,Jefferson,Toquima,4,504821,4282760,4.90854,2618,745.56,680.97,422.66,571,721.87,483.11,398.51,356.12,327.41,425.21,358.89,667.76,483.62,408.68,315.47,503.95,400.8,633.75,362.46,366.01,444.01,11.43,14.04,12.46,11.17,11.78,14.17,12.78,13.29,13.38,13.13,12.3,13.22,13.47,12.8,13.08,11.99,12.28,13.46,13.05,13.32,,,,
KI01,31,31,,,,,,,,,,,,Kingston,Toiyabe,1,490215,4340380,7.14193,1986,637.31,628.39,333.5,471.68,690.1,441.98,337.56,312.66,325.38,382.78,336.3,493.53,393.69,371.59,273.3,407.67,338.84,511.04,278.64,290.07,399.53,11.61,14.24,12.71,11.7,12.53,15.02,13.72,14.13,13.75,13.76,13.11,14.24,14.32,13.55,14.29,13.11,13.04,14.42,13.73,14.14,,,,
KI02,41,41,,,,,,,,,,,,Kingston,Toiyabe,1,488899,4340930,7.27314,2082,657.91,628.39,333.5,471.68,690.1,441.98,337.56,312.66,325.38,382.78,336.3,493.53,393.69,371.59,273.3,407.67,338.84,511.04,278.64,290.07,399.53,11.61,14.24,12.71,11.7,12.53,15.02,13.72,14.13,13.75,13.76,13.11,14.24,14.32,13.55,14.29,13.11,13.04,14.42,13.73,14.14,,,,
KI03,43,43,,,,,,,,,,,,Kingston,Toiyabe,1,487547,4341990,10.6765,2189,690.09,628.39,333.5,471.68,690.1,441.98,337.56,312.66,325.38,382.78,336.3,493.53,393.69,371.59,273.3,407.67,338.84,511.04,278.64,290.07,399.53,11.61,14.24,12.71,11.7,12.53,15.02,13.72,14.13,13.75,13.76,13.11,14.24,14.32,13.55,14.29,13.11,13.04,14.42,13.73,14.14,,,,
KI04,54,54,,,,,,,,,,,,Kingston,Toiyabe,1,485568,4344460,22.6384,2274,688.35,822.19,457.2,577.84,871.97,549.14,415.55,419.1,419.36,489.97,455.17,606.29,511.03,480.57,371.6,559.82,465.33,686.06,352.53,403.62,479.04,10.28,12.88,11.42,10.46,10.98,13.31,12.33,12.57,12.24,12.61,12,13.14,13.22,12.39,12.9,11.92,11.87,13.23,12.53,12.96,,,,
KI05,48,48,,,,,,,,,,,,Kingston,Toiyabe,1,486961,4348050,18.3168,2357,751.12,843.79,473.7,572.52,882.91,553.96,411.98,435.61,427.49,500.38,469.66,607.06,514.59,482.1,387.6,583.18,491.48,715.77,358.4,422.65,474.97,9.85,12.52,11.03,10.11,10.48,12.71,11.79,12.01,11.73,12.28,11.72,12.88,12.88,12.05,12.42,11.54,11.61,12.98,12.21,12.64,,,,
KI06,40,40,,,,,,,,,,,,Kingston,Toiyabe,1,488885,4349160,5.158,2466,748.58,886.71,498.1,589.79,938.53,576.84,425.46,459.25,447.3,519.7,494.77,625.86,534.92,504.94,409.71,618.24,520.68,762,371.86,448.3,488.69,8.66,11.35,9.85,8.93,9.35,11.55,10.54,10.8,10.46,11.24,10.6,11.7,11.73,10.96,11.38,10.52,10.54,11.89,11.12,11.53,,,,
KI07,20,20,,,,,,,,,,,,Kingston,Toiyabe,1,489447,4349270,3.40961,2580,794.19,886.71,498.1,589.79,938.53,576.84,425.46,459.25,447.3,519.7,494.77,625.86,534.92,504.94,409.71,618.24,520.68,762,371.86,448.3,488.69,8.66,11.35,9.85,8.93,9.35,11.55,10.54,10.8,10.46,11.24,10.6,11.7,11.73,10.96,11.38,10.52,10.54,11.89,11.12,11.53,,,,
MD01,55,,38,37,45,26,,,,,,21,24,Meadow,Toquima,6,511254,4278880,20.6106,2292,741.35,568.18,342.39,463.81,612.38,402.34,327.15,302.77,265.69,354.07,299.71,565.9,391.15,332.98,254.75,416.56,331.73,526.29,306.84,296.93,371.86,12.36,15.09,13.41,12.08,12.81,15.17,13.61,14.25,14.45,13.88,13.03,14.08,14.33,13.56,13.88,12.67,13.05,14.35,13.9,14.18,1,1,1,1
MD02,60,,42,27,36,32,,,,,,30,16,Meadow,Toquima,6,508370,4281190,17.8552,2388,721.59,663.72,412.24,545.34,707.66,469.91,386.82,350.77,318,415.29,349.26,657.1,469.15,396.51,307.59,491,391.43,621.53,353.06,349.5,429.77,11.6,14.27,12.63,11.31,11.98,14.35,12.88,13.47,13.62,13.19,12.37,13.34,13.62,12.91,13.18,12.03,12.37,13.58,13.18,13.45,3,1,2,1
MD03,43,,24,18,21,15,,,,,,12,6,Meadow,Toquima,6,506748,4282270,4.7443,2479,649.37,707.38,443.99,592.85,752.09,499.6,410.98,370.08,342.15,437.63,374.14,695.46,513.34,423.66,330.95,532.64,417.31,659.64,373.9,383.04,455.67,11.17,13.83,12.19,10.9,11.57,13.92,12.49,13.05,13.16,12.82,11.99,12.97,13.24,12.51,12.79,11.68,12,13.25,12.82,13.08,2,1,1,1
MD04,33,,15,21,22,14,,,,,,13,8,Meadow,Toquima,6,505949,4281910,4.37002,2577,763.52,663.72,412.24,545.34,707.66,469.91,386.82,350.77,318,415.29,349.26,657.1,469.15,396.51,307.59,491,391.43,621.53,353.06,349.5,429.77,11.6,14.27,12.63,11.31,11.98,14.35,12.88,13.47,13.62,13.19,12.37,13.34,13.62,12.91,13.18,12.03,12.37,13.58,13.18,13.45,2,1,0,1
MD05,39,,26,18,21,9,,,,,,16,15,Meadow,Toquima,6,505341,4283190,13.1934,2675,853.31,680.97,422.66,571,721.87,483.11,398.51,356.12,327.41,425.21,358.89,667.76,483.62,408.68,315.47,503.95,400.8,633.75,362.46,366.01,444.01,11.43,14.04,12.46,11.17,11.78,14.17,12.78,13.29,13.38,13.13,12.3,13.22,13.47,12.8,13.08,11.99,12.28,13.46,13.05,13.32,2,2,0,0
ME01,20,,15,,,,,,7,,,9,12,Moores East,Toquima,4,513633,4300580,11.3697,2211,564.64,408.42,223.01,336.53,443.76,293.12,229.86,222.74,183.91,250.18,212.83,402.58,263.66,225.3,171.72,285.23,233.93,355.85,215.65,206,273.04,13.74,16.62,14.88,13.63,14.3,16.79,15.06,15.73,15.95,15.39,14.44,15.63,15.78,14.83,15.37,14.04,14.48,16.13,15.47,15.8,1,1,0,1
ME02,27,,21,,,,,,13,,,8,16,Moores East,Toquima,4,512023,4301670,10.5805,2293,698.13,542.29,314.44,442.2,583.69,388.13,311.66,290.3,268.75,330.47,286.51,516.12,367.29,314.71,241.3,395.48,319.03,486.15,285.74,277.88,351.53,12.13,14.86,13.14,11.89,12.61,14.97,13.49,14.03,14.25,13.68,12.88,13.98,14.2,13.47,13.76,12.56,12.94,14.25,13.76,14.07,1,1,0,1
ME03,35,,27,,,,,,17,,,13,14,Moores East,Toquima,4,510345,4302380,9.33606,2393,736.86,542.29,314.44,442.2,583.69,388.13,311.66,290.3,268.75,330.47,286.51,516.12,367.29,314.71,241.3,395.48,319.03,486.15,285.74,277.88,351.53,12.13,14.86,13.14,11.89,12.61,14.97,13.49,14.03,14.25,13.68,12.88,13.98,14.2,13.47,13.76,12.56,12.94,14.25,13.76,14.07,2,1,0,0
ME04,28,,22,,,,,,10,,,12,11,Moores East,Toquima,4,508933,4301660,6.88926,2492,706.82,546.34,316.74,448.06,582.42,390.16,311.91,288.81,267.97,332.99,287.27,520.44,366.53,313.19,245.12,393.7,320.28,486.41,282.45,279.64,352.56,12,14.65,13.03,11.77,12.42,14.78,13.46,13.89,14.04,13.67,12.85,13.9,14.09,13.36,13.66,12.5,12.83,14.06,13.58,13.88,1,1,0,0
MW01,15,,8,3,11,,,,3,,,1,1,Moores West,Toquima,6,503115,4304120,7.82423,2141,686.31,426.46,240.54,354.84,456.44,306.58,243.6,226.07,196.34,260.08,220.47,410.96,277.11,235.2,183.64,294.64,242.05,366.5,219.72,212.33,286.26,13.71,16.43,14.71,13.44,14.14,16.57,15.01,15.57,15.83,15.2,14.38,15.48,15.7,14.96,15.28,14.08,14.44,15.83,15.35,15.63,2,1,0,1
MW02,23,,8,9,15,,,,7,,,3,3,Moores West,Toquima,6,504318,4303250,7.27079,2242,683.5,426.46,240.54,354.84,456.44,306.58,243.6,226.07,196.34,260.08,220.47,410.96,277.11,235.2,183.64,294.64,242.05,366.5,219.72,212.33,286.26,13.71,16.43,14.71,13.44,14.14,16.57,15.01,15.57,15.83,15.2,14.38,15.48,15.7,14.96,15.28,14.08,14.44,15.83,15.35,15.63,1,1,0,0
MW03,25,,11,10,15,,,,13,,,6,6,Moores West,Toquima,6,505301,4302360,6.14274,2349,709.08,426.46,240.54,354.84,456.44,306.58,243.6,226.07,196.34,260.08,220.47,410.96,277.11,235.2,183.64,294.64,242.05,366.5,219.72,212.33,286.26,13.71,16.43,14.71,13.44,14.14,16.57,15.01,15.57,15.83,15.2,14.38,15.48,15.7,14.96,15.28,14.08,14.44,15.83,15.35,15.63,1,1,0,0
MW04,44,,30,21,28,,,,21,,,11,20,Moores West,Toquima,6,506548,4300870,16.9473,2405,926.43,546.34,316.74,448.06,582.42,390.16,311.91,288.81,267.97,332.99,287.27,520.44,366.53,313.19,245.12,393.7,320.28,486.41,282.45,279.64,352.56,12,14.65,13.03,11.77,12.42,14.78,13.46,13.89,14.04,13.67,12.85,13.9,14.09,13.36,13.66,12.5,12.83,14.06,13.58,13.88,2,1,0,1
MW05,36,,24,16,17,,,,18,,,,,Moores West,Toquima,4,508106,4301670,2.883,2528,497.49,546.34,316.74,448.06,582.42,390.16,311.91,288.81,267.97,332.99,287.27,520.44,366.53,313.19,245.12,393.7,320.28,486.41,282.45,279.64,352.56,12,14.65,13.03,11.77,12.42,14.78,13.46,13.89,14.04,13.67,12.85,13.9,14.09,13.36,13.66,12.5,12.83,14.06,13.58,13.88,,,,
NE01,24,,20,,,,,,15,,,,,Northumberland East,Toquima,2,515053,4305810,22.4549,2250,773.54,589.79,354.07,476.52,629.42,423.92,343.41,320.78,304.8,359.41,313.69,558.8,410.72,346.7,272.28,439.42,354.34,538.75,316.99,305.03,383.54,11.57,14.26,12.62,11.36,12.01,14.38,12.99,13.48,13.64,13.18,12.38,13.5,13.7,12.96,13.26,12.08,12.35,13.71,13.18,13.49,,,,
NE02,21,,15,,,,,,17,,,,,Northumberland East,Toquima,2,511977,4308240,17.9205,2357,687.6,581.65,345.44,472.7,626.63,417.05,339.86,311.64,301.74,353.05,309.88,550.42,400.8,340.63,267.47,430,346.47,527.55,306.07,297.94,380.26,11.52,14.18,12.56,11.33,11.94,14.32,12.99,13.43,13.56,13.18,12.39,13.45,13.67,12.93,13.23,12.08,12.32,13.61,13.11,13.41,,,,
NE03,31,,27,,,,,,18,,,,,Northumberland East,Toquima,2,512793,4310380,7.3188,2461,740.12,707.88,443.49,570.49,752.61,517.15,420.12,390.9,385.56,434.85,384.32,662.69,504.19,427.23,343.67,541.04,441.46,659.37,381.76,372.37,454.41,10.32,12.88,11.36,10.12,10.72,12.99,11.91,12.25,12.23,12.15,11.33,12.38,12.56,11.87,12.14,11.08,11.19,12.5,11.94,12.25,,,,
NE04,26,,20,,,,,,22,,,,,Northumberland East,Toquima,2,513311,4310950,4.85502,2593,790.39,707.88,443.49,570.49,752.61,517.15,420.12,390.9,385.56,434.85,384.32,662.69,504.19,427.23,343.67,541.04,441.46,659.37,381.76,372.37,454.41,10.32,12.88,11.36,10.12,10.72,12.99,11.91,12.25,12.23,12.15,11.33,12.38,12.56,11.87,12.14,11.08,11.19,12.5,11.94,12.25,,,,
NE05,32,,28,,,,,,19,,,,,Northumberland East,Toquima,2,513373,4312320,9.65366,2646,910.04,707.88,443.49,570.49,752.61,517.15,420.12,390.9,385.56,434.85,384.32,662.69,504.19,427.23,343.67,541.04,441.46,659.37,381.76,372.37,454.41,10.32,12.88,11.36,10.12,10.72,12.99,11.91,12.25,12.23,12.15,11.33,12.38,12.56,11.87,12.14,11.08,11.19,12.5,11.94,12.25,,,,
NT01,19,,19,,,,,,,,,,,North Twin,Toiyabe,1,477410,4304930,5.39576,2010,640.5,465.07,271.02,400.55,513.33,348.74,280.67,242.3,216.42,300.48,239.01,427.99,311.66,254.01,202.7,313.94,259.59,386.84,228.86,227.34,310.9,12.98,15.59,14.03,12.78,13.37,15.83,14.39,14.88,14.92,14.78,13.91,14.9,15.2,14.46,14.78,13.7,13.93,15.27,14.91,15.17,,,,
NT02,18,,18,,,,,,,,,,,North Twin,Toiyabe,1,476499,4304770,4.31336,2113,802.69,754.12,455.17,644.4,804.15,542.04,458.72,381.76,389.9,492.52,396,680.71,515.6,441.72,349.5,538.22,430.78,647.45,355.09,376.17,475.24,9.31,11.76,10.28,9.09,9.61,11.98,10.79,11.21,11.01,11.48,10.57,11.5,11.79,11.09,11.41,10.43,10.52,11.8,11.38,11.69,,,,
NT03,19,,19,,,,,,,,,,,North Twin,Toiyabe,1,475756,4304960,5.58462,2225,755.23,754.12,455.17,644.4,804.15,542.04,458.72,381.76,389.9,492.52,396,680.71,515.6,441.72,349.5,538.22,430.78,647.45,355.09,376.17,475.24,9.31,11.76,10.28,9.09,9.61,11.98,10.79,11.21,11.01,11.48,10.57,11.5,11.79,11.09,11.41,10.43,10.52,11.8,11.38,11.69,,,,
NT04,26,,26,,,,,,,,,,,North Twin,Toiyabe,1,475043,4304460,8.38001,2354,794.26,754.12,455.17,644.4,804.15,542.04,458.72,381.76,389.9,492.52,396,680.71,515.6,441.72,349.5,538.22,430.78,647.45,355.09,376.17,475.24,9.31,11.76,10.28,9.09,9.61,11.98,10.79,11.21,11.01,11.48,10.57,11.5,11.79,11.09,11.41,10.43,10.52,11.8,11.38,11.69,,,,
NT05,26,,26,,,,,,,,,,,North Twin,Toiyabe,1,473564,4304430,7.54177,2439,726.72,754.12,455.17,644.4,804.15,542.04,458.72,381.76,389.9,492.52,396,680.71,515.6,441.72,349.5,538.22,430.78,647.45,355.09,376.17,475.24,9.31,11.76,10.28,9.09,9.61,11.98,10.79,11.21,11.01,11.48,10.57,11.5,11.79,11.09,11.41,10.43,10.52,11.8,11.38,11.69,,,,
NT06,29,,29,,,,,,,,,,,North Twin,Toiyabe,1,472859,4303440,5.59562,2547,780.03,931.41,555.75,829.06,997.73,683.25,578.61,464.33,495.04,615.18,492.25,833.63,637.03,564.13,431.29,688.84,534.92,798.57,439.44,476,583.7,8.49,10.98,9.47,8.28,8.8,11.18,10.02,10.43,10.23,10.72,9.85,10.74,11.06,10.38,10.65,9.68,9.78,11.07,10.54,10.93,,,,
NT07,14,,14,,,,,,,,,,,North Twin,Toiyabe,1,472402,4302730,3.23016,2663,827.06,931.41,555.75,829.06,997.73,683.25,578.61,464.33,495.04,615.18,492.25,833.63,637.03,564.13,431.29,688.84,534.92,798.57,439.44,476,583.7,8.49,10.98,9.47,8.28,8.8,11.18,10.02,10.43,10.23,10.72,9.85,10.74,11.06,10.38,10.65,9.68,9.78,11.07,10.54,10.93,,,,
NT08,18,,18,,,,,,,,,,,North Twin,Toiyabe,1,472158,4301910,5.70018,2788,775.32,931.41,555.75,829.06,997.73,683.25,578.61,464.33,495.04,615.18,492.25,833.63,637.03,564.13,431.29,688.84,534.92,798.57,439.44,476,583.7,8.49,10.98,9.47,8.28,8.8,11.18,10.02,10.43,10.23,10.72,9.85,10.74,11.06,10.38,10.65,9.68,9.78,11.07,10.54,10.93,,,,
NW01,30,,15,20,19,,,,14,,,,,Northumberland West,Toquima,4,507946,4316790,15.2614,2098,771.35,430.28,241.3,344.68,467.61,307.09,248.91,229.62,212.36,266.46,226.58,405.12,281.95,239.78,188.21,299.98,246.36,375.42,220.48,209.56,298.18,13.77,16.49,14.81,13.61,14.27,16.68,15.18,15.7,15.93,15.31,14.54,15.73,15.89,15.15,15.47,14.26,14.59,16,15.48,15.78,,,,
NW02,44,,20,26,30,,,,16,,,,,Northumberland West,Toquima,4,510022,4315290,12.9686,2222,763.08,557.29,328.67,449.33,603.77,404.12,324.62,303.78,293.62,342.63,298.96,520.95,382.27,325.62,256.8,410.2,332.73,504.2,293.38,283.21,371.84,12.03,14.71,13.09,11.88,12.52,14.88,13.57,14.01,14.13,13.72,12.94,14.08,14.27,13.53,13.82,12.68,12.93,14.27,13.74,14.05,,,,
NW03,41,,28,20,26,,,,20,,,,,Northumberland West,Toquima,4,511688,4314420,6.15512,2332,740.84,649.23,392.67,517.66,688.59,465.84,379.25,350.78,344.18,394.2,345.94,603.53,451.1,384.3,305.05,483.85,393.2,592.31,336.82,331.48,418.09,10.81,13.4,11.88,10.63,11.23,13.53,12.46,12.8,12.77,12.64,11.85,12.9,13.08,12.37,12.64,11.58,11.7,12.98,12.48,12.76,,,,
NW04,38,,25,13,22,,,,23,,,,,Northumberland West,Toquima,4,512205,4313560,4.22893,2434,719.52,649.23,392.67,517.66,688.59,465.84,379.25,350.78,344.18,394.2,345.94,603.53,451.1,384.3,305.05,483.85,393.2,592.31,336.82,331.48,418.09,10.81,13.4,11.88,10.63,11.23,13.53,12.46,12.8,12.77,12.64,11.85,12.9,13.08,12.37,12.64,11.58,11.7,12.98,12.48,12.76,,,,
NW05,42,,22,15,28,,,,22,,,,,Northumberland West,Toquima,4,512230,4312740,4.43909,2539,697.38,649.23,392.67,517.66,688.59,465.84,379.25,350.78,344.18,394.2,345.94,603.53,451.1,384.3,305.05,483.85,393.2,592.31,336.82,331.48,418.09,10.81,13.4,11.88,10.63,11.23,13.53,12.46,12.8,12.77,12.64,11.85,12.9,13.08,12.37,12.64,11.58,11.7,12.98,12.48,12.76,,,,
NW06,38,,26,11,23,,,,19,,,,,Northumberland West,Toquima,4,512972,4312820,6.15013,2654,866.54,707.88,443.49,570.49,752.61,517.15,420.12,390.9,385.56,434.85,384.32,662.69,504.19,427.23,343.67,541.04,441.46,659.37,381.76,372.37,454.41,10.32,12.88,11.36,10.12,10.72,12.99,11.91,12.25,12.23,12.15,11.33,12.38,12.56,11.87,12.14,11.08,11.19,12.5,11.94,12.25,,,,
OP01,43,36,,,,,,,,,,21,18,Ophir,Toiyabe,3,478392,4310280,4.53901,1988,694.4,411.99,236.48,356.89,464.81,309.63,248.66,220.22,200.68,267.72,212.87,373.9,268.22,224.79,182.11,280.17,231.64,345.19,198.11,194.29,276.11,13.53,16.23,14.62,13.38,13.98,16.43,15.07,15.55,15.53,15.31,14.43,15.56,15.84,14.94,15.39,14.23,14.43,15.85,15.37,15.69,2,2,3,2
OP02,35,30,,,,,,,,,,20,22,Ophir,Toiyabe,3,477769,4310460,2.76922,2087,672.21,411.99,236.48,356.89,464.81,309.63,248.66,220.22,200.68,267.72,212.87,373.9,268.22,224.79,182.11,280.17,231.64,345.19,198.11,194.29,276.11,13.53,16.23,14.62,13.38,13.98,16.43,15.07,15.55,15.53,15.31,14.43,15.56,15.84,14.94,15.39,14.23,14.43,15.85,15.37,15.69,2,2,3,2
OP03,42,34,,,,,,,,,,27,30,Ophir,Toiyabe,3,477209,4310380,3.68617,2205,743.23,411.99,236.48,356.89,464.81,309.63,248.66,220.22,200.68,267.72,212.87,373.9,268.22,224.79,182.11,280.17,231.64,345.19,198.11,194.29,276.11,13.53,16.23,14.62,13.38,13.98,16.43,15.07,15.55,15.53,15.31,14.43,15.56,15.84,14.94,15.39,14.23,14.43,15.85,15.37,15.69,2,2,3,2
OP04,44,39,,,,,,,,,,25,25,Ophir,Toiyabe,3,476556,4310620,4.70131,2288,683.49,411.99,236.48,356.89,464.81,309.63,248.66,220.22,200.68,267.72,212.87,373.9,268.22,224.79,182.11,280.17,231.64,345.19,198.11,194.29,276.11,13.53,16.23,14.62,13.38,13.98,16.43,15.07,15.55,15.53,15.31,14.43,15.56,15.84,14.94,15.39,14.23,14.43,15.85,15.37,15.69,2,2,0,2
OP05,54,47,,,,,,,,,,36,36,Ophir,Toiyabe,3,475576,4310630,5.20526,2389,750.55,796.8,479.55,668.78,831.09,568.47,482.35,398.52,415.29,503.93,415.55,694.19,529.6,466.6,369.57,562.63,457.96,672.85,362.21,390.4,486.14,9.35,11.82,10.42,9.24,9.65,12.06,10.9,11.33,11.06,11.7,10.78,11.73,12.05,11.31,11.63,10.72,10.73,12.06,11.58,11.89,3,3,1,2
OP06,52,41,,,,,,,,,,35,38,Ophir,Toiyabe,3,474731,4310720,3.65,2490,736.99,796.8,479.55,668.78,831.09,568.47,482.35,398.52,415.29,503.93,415.55,694.19,529.6,466.6,369.57,562.63,457.96,672.85,362.21,390.4,486.14,9.35,11.82,10.42,9.24,9.65,12.06,10.9,11.33,11.06,11.7,10.78,11.73,12.05,11.31,11.63,10.72,10.73,12.06,11.58,11.89,3,3,2,2
OP07,40,33,,,,,,,,,,22,30,Ophir,Toiyabe,3,474131,4310680,2.90682,2579,692.8,796.8,479.55,668.78,831.09,568.47,482.35,398.52,415.29,503.93,415.55,694.19,529.6,466.6,369.57,562.63,457.96,672.85,362.21,390.4,486.14,9.35,11.82,10.42,9.24,9.65,12.06,10.9,11.33,11.06,11.7,10.78,11.73,12.05,11.31,11.63,10.72,10.73,12.06,11.58,11.89,3,3,1,1
OP08,38,31,,,,,,,,,,20,25,Ophir,Toiyabe,3,473648,4310650,2.54249,2666,781.25,796.8,479.55,668.78,831.09,568.47,482.35,398.52,415.29,503.93,415.55,694.19,529.6,466.6,369.57,562.63,457.96,672.85,362.21,390.4,486.14,9.35,11.82,10.42,9.24,9.65,12.06,10.9,11.33,11.06,11.7,10.78,11.73,12.05,11.31,11.63,10.72,10.73,12.06,11.58,11.89,3,3,1,2
OP09,29,24,,,,,,,,,,13,12,Ophir,Toiyabe,3,473507,4310330,2.11475,2770,777.58,796.8,479.55,668.78,831.09,568.47,482.35,398.52,415.29,503.93,415.55,694.19,529.6,466.6,369.57,562.63,457.96,672.85,362.21,390.4,486.14,9.35,11.82,10.42,9.24,9.65,12.06,10.9,11.33,11.06,11.7,10.78,11.73,12.05,11.31,11.63,10.72,10.73,12.06,11.58,11.89,3,3,0,0
OP10,31,20,,,,,,,,,,15,13,Ophir,Toiyabe,3,473263,4310400,2.35854,2865,749.88,796.8,479.55,668.78,831.09,568.47,482.35,398.52,415.29,503.93,415.55,694.19,529.6,466.6,369.57,562.63,457.96,672.85,362.21,390.4,486.14,9.35,11.82,10.42,9.24,9.65,12.06,10.9,11.33,11.06,11.7,10.78,11.73,12.05,11.31,11.63,10.72,10.73,12.06,11.58,11.89,2,3,0,0
OP11,33,18,,,,,,,,,,23,16,Ophir,Toiyabe,3,472708,4310300,3.29551,2975,892.62,813.04,487.43,701.56,852.18,583.17,504.19,406.9,427.48,519.44,420.62,707.15,543.58,478.78,375.92,579.88,469.67,685.29,369.57,406.67,499.38,9,11.48,10.03,8.9,9.28,11.68,10.58,11,10.68,11.23,10.41,11.41,11.74,10.94,11.23,10.33,10.43,11.79,11.12,11.56,2,3,0,3
OP12,22,11,,,,,,,,,,8,14,Ophir,Toiyabe,3,472413,4310670,1.58653,3057,604.88,813.04,487.43,701.56,852.18,583.17,504.19,406.9,427.48,519.44,420.62,707.15,543.58,478.78,375.92,579.88,469.67,685.29,369.57,406.67,499.38,9,11.48,10.03,8.9,9.28,11.68,10.58,11,10.68,11.23,10.41,11.41,11.74,10.94,11.23,10.33,10.43,11.79,11.12,11.56,2,2,1,2
PT01,19,,16,,,,,,11,,,,,Petes East,Toquima,2,521500,4335380,18.6881,2176,692.53,434.84,252.99,355.36,480.05,316.23,251.21,239.79,226.83,270.52,239.02,415.79,293.64,254.51,197.61,313.96,255.27,389.38,232.92,226.31,314.45,13.53,16.35,14.64,13.53,14.21,16.56,15.03,15.43,15.69,15.07,14.29,15.63,15.69,14.8,15.28,14.1,14.38,16,15.3,15.65,,,,
PT02,22,,21,,,,,,13,,,,,Petes East,Toquima,2,519466,4336660,10.9226,2284,699.05,545.59,323.85,438.92,591.57,399.03,314.71,295.66,291.31,332.76,298.7,501.15,374.9,324.35,254.25,400.31,325.88,489.47,288.03,281.43,371.35,11.88,14.57,12.98,11.83,12.43,14.75,13.53,13.87,13.98,13.63,12.84,14.06,14.2,13.42,13.74,12.63,12.82,14.19,13.6,13.93,,,,
PT03,22,,22,,,,,,10,,,,,Petes East,Toquima,2,518486,4337360,5.84204,2364,583.7,545.59,323.85,438.92,591.57,399.03,314.71,295.66,291.31,332.76,298.7,501.15,374.9,324.35,254.25,400.31,325.88,489.47,288.03,281.43,371.35,11.88,14.57,12.98,11.83,12.43,14.75,13.53,13.87,13.98,13.63,12.84,14.06,14.2,13.42,13.74,12.63,12.82,14.19,13.6,13.93,,,,
PW01,3,,2,,,,,,1,,,,,Petes West,Toquima,2,516180,4345710,17.2857,1923,629.64,320.06,186.69,255.51,347.46,219.72,187.45,169.41,165.86,212.85,173.49,305.29,207.27,169.41,136.64,210.56,175.01,267.21,150.12,155.21,241.05,15.68,18.47,16.82,15.71,16.39,18.8,17.22,17.62,17.83,17.22,16.33,17.73,17.8,16.78,17.41,16.18,16.53,18.28,17.44,17.82,,,,
PW02,6,,6,,,,,,3,,,,,Petes West,Toquima,2,516891,4342860,12.8068,2031,677.08,407.94,239.79,324.86,443.24,289.06,236.49,218.69,214.13,257.82,222.51,383.79,267.71,230.62,182.1,284.72,236.24,354.83,206.5,208.28,299.71,14.33,17.07,15.38,14.28,14.96,17.29,15.86,16.24,16.48,15.87,15.08,16.43,16.48,15.64,16.12,14.89,15.26,16.79,16.14,16.43,,,,
PW03,11,,9,,,,,,6,,,,,Petes West,Toquima,2,516606,4340490,11.3354,2138,673.09,482.86,284.73,387.34,523.49,351.05,278.65,260.87,256.81,297.2,263.66,447.81,325.63,283.21,221.23,348.24,285.24,426.98,251.47,247.4,338.83,12.82,15.5,13.88,12.76,13.37,15.73,14.4,14.78,14.95,14.44,13.68,14.97,15.08,14.31,14.64,13.47,13.74,15.15,14.56,14.87,,,,
PW04,16,,15,,,,,,8,,,,,Petes West,Toquima,2,517314,4338680,8.72383,2239,733.7,482.86,284.73,387.34,523.49,351.05,278.65,260.87,256.81,297.2,263.66,447.81,325.63,283.21,221.23,348.24,285.24,426.98,251.47,247.4,338.83,12.82,15.5,13.88,12.76,13.37,15.73,14.4,14.78,14.95,14.44,13.68,14.97,15.08,14.31,14.64,13.47,13.74,15.15,14.56,14.87,,,,
PW05,16,,15,,,,,,8,,,,,Petes West,Toquima,2,517723,4337500,6.45779,2347,715.52,545.59,323.85,438.92,591.57,399.03,314.71,295.66,291.31,332.76,298.7,501.15,374.9,324.35,254.25,400.31,325.88,489.47,288.03,281.43,371.35,11.88,14.57,12.98,11.83,12.43,14.75,13.53,13.87,13.98,13.63,12.84,14.06,14.2,13.42,13.74,12.63,12.82,14.19,13.6,13.93,,,,
RI01,47,,,,,,23,26,23,27,20,27,19,Riley,Shoshone,7,462761,4329770,7.08048,2101,601.29,419.09,247.15,363.23,463.05,311.14,257.04,223.51,216.91,297.93,217.69,365.25,273.81,224.8,193.8,298.21,230.38,353.56,186.94,183.38,280.15,13.1,15.78,14.18,13.01,13.49,15.99,14.64,15.06,15.11,14.76,13.86,15.18,15.4,14.29,14.83,13.77,14.08,15.63,14.93,15.33,3,2,3,2
RI02,27,,,,,,10,12,15,15,14,8,12,Riley,Shoshone,7,462517,4331200,8.69633,2192,705.36,419.09,247.15,363.23,463.05,311.14,257.04,223.51,216.91,297.93,217.69,365.25,273.81,224.8,193.8,298.21,230.38,353.56,186.94,183.38,280.15,13.1,15.78,14.18,13.01,13.49,15.99,14.64,15.06,15.11,14.76,13.86,15.18,15.4,14.29,14.83,13.77,14.08,15.63,14.93,15.33,1,1,0,1
RI03,41,,,,,,26,28,19,21,16,18,14,Riley,Shoshone,7,462773,4332760,7.53824,2305,740.75,419.09,247.15,363.23,463.05,311.14,257.04,223.51,216.91,297.93,217.69,365.25,273.81,224.8,193.8,298.21,230.38,353.56,186.94,183.38,280.15,13.1,15.78,14.18,13.01,13.49,15.99,14.64,15.06,15.11,14.76,13.86,15.18,15.4,14.29,14.83,13.77,14.08,15.63,14.93,15.33,2,2,0,0
RI04,43,,,,,,36,28,22,25,20,24,22,Riley,Shoshone,7,462301,4334130,7.96599,2421,791.06,541.78,319.02,441.95,577.09,378.7,311.67,281.43,280.16,361.7,276.1,460.23,349.74,306.07,248.15,378.71,307.6,463.04,232.91,248.68,345.46,11.99,14.54,13.08,11.88,12.34,14.73,13.65,13.96,13.91,13.77,13.02,14.19,14.38,13.44,13.82,12.73,12.98,14.48,13.78,14.26,3,2,0,0
RI05,35,,,,,,21,22,16,15,21,13,10,Riley,Shoshone,7,462187,4334930,1.85075,2505,553.98,755.41,455.43,605.79,774.69,527.81,429.77,383.77,394.7,494.79,388.63,641.84,488.18,447.81,354.84,543.55,448.31,658.64,324.1,373.12,455.18,9.78,12.23,10.8,9.71,10.04,12.47,11.46,11.74,11.53,11.98,11.19,12.28,12.5,11.68,11.96,11.04,11.13,12.64,11.86,12.37,3,2,0,1
SB01,22,,,,,,22,,,,,,,Stoneberger,Toquima,1,518931,4329980,17.3117,2245,696.83,565.15,334.02,460.52,612.65,418.33,327.92,310.4,303.27,344.18,310.13,525.27,395.23,337.32,265.43,422.41,341.38,514.09,302.76,294.9,382.52,11.68,14.38,12.77,11.63,12.24,14.54,13.29,13.65,13.78,13.37,12.62,13.81,13.99,13.17,13.53,12.38,12.61,13.98,13.43,13.73,,,,
SB02,29,,,,,,29,,,,,,,Stoneberger,Toquima,1,516744,4329870,9.12962,2356,678.24,565.15,334.02,460.52,612.65,418.33,327.92,310.4,303.27,344.18,310.13,525.27,395.23,337.32,265.43,422.41,341.38,514.09,302.76,294.9,382.52,11.68,14.38,12.77,11.63,12.24,14.54,13.29,13.65,13.78,13.37,12.62,13.81,13.99,13.17,13.53,12.38,12.61,13.98,13.43,13.73,,,,
SB03,28,,,,,,28,,,,,,,Stoneberger,Toquima,1,515000,4331060,12.3563,2434,712.55,687.32,418.83,551.94,735.09,509.52,397.52,377.69,377.18,418.84,379.22,623.82,485.87,415.04,332.22,517.14,421.14,630.95,361.44,362.7,448.32,10.3,12.83,11.43,10.25,10.77,13.04,12.07,12.34,12.2,12.4,11.54,12.64,12.84,12.08,12.43,11.43,11.48,12.78,12.24,12.5,,,,
SB04,25,,,,,,25,,,,,,,Stoneberger,Toquima,1,513426,4331790,9.05498,2533,768.1,687.32,418.83,551.94,735.09,509.52,397.52,377.69,377.18,418.84,379.22,623.82,485.87,415.04,332.22,517.14,421.14,630.95,361.44,362.7,448.32,10.3,12.83,11.43,10.25,10.77,13.04,12.07,12.34,12.2,12.4,11.54,12.64,12.84,12.08,12.43,11.43,11.48,12.78,12.24,12.5,,,,
SB05,22,,,,,,22,,,,,,,Stoneberger,Toquima,1,512406,4330620,8.58187,2631,527.24,542.04,317.51,432.8,588.26,393.95,312.43,292.1,289.29,335.55,292.88,496.32,368.31,315.46,250.7,391.92,320.79,483.87,277.63,275.34,367.29,11.89,14.48,12.98,11.86,12.39,14.73,13.58,13.93,13.88,13.82,13.04,14.17,14.34,13.57,13.94,12.86,13.02,14.34,13.78,14.05,,,,
SC01,19,,,,,,,19,,,,,,Schoonover,Shoshone,1,458320,4342320,12.2947,2014,669.08,509.53,295.64,405.14,544.06,359.39,288.03,262.11,257.56,342.4,258.06,431.53,323.85,289.81,233.7,353.32,290.59,440.95,221.98,234.94,327.67,12.49,15.08,13.59,12.45,12.92,15.34,14.13,14.43,14.48,14.28,13.53,14.75,14.83,13.99,14.33,13.23,13.49,15.05,14.38,14.86,,,,
SC02,27,,,,,,,27,,,,,,Schoonover,Shoshone,1,459890,4340830,10.5531,2132,738.95,509.53,295.64,405.14,544.06,359.39,288.03,262.11,257.56,342.4,258.06,431.53,323.85,289.81,233.7,353.32,290.59,440.95,221.98,234.94,327.67,12.49,15.08,13.59,12.45,12.92,15.34,14.13,14.43,14.48,14.28,13.53,14.75,14.83,13.99,14.33,13.23,13.49,15.05,14.38,14.86,,,,
SC03,23,,,,,,,23,,,,,,Schoonover,Shoshone,1,461104,4339890,6.01678,2241,699.81,509.53,295.64,405.14,544.06,359.39,288.03,262.11,257.56,342.4,258.06,431.53,323.85,289.81,233.7,353.32,290.59,440.95,221.98,234.94,327.67,12.49,15.08,13.59,12.45,12.92,15.34,14.13,14.43,14.48,14.28,13.53,14.75,14.83,13.99,14.33,13.23,13.49,15.05,14.38,14.86,,,,
SC04,16,,,,,,,16,,,,,,Schoonover,Shoshone,1,460972,4339030,2.83253,2323,633.6,509.53,295.64,405.14,544.06,359.39,288.03,262.11,257.56,342.4,258.06,431.53,323.85,289.81,233.7,353.32,290.59,440.95,221.98,234.94,327.67,12.49,15.08,13.59,12.45,12.92,15.34,14.13,14.43,14.48,14.28,13.53,14.75,14.83,13.99,14.33,13.23,13.49,15.05,14.38,14.86,,,,
SJ01,45,34,,,,,,,,,,31,21,San Juan,Toiyabe,3,475235,4332540,12.53,2115,659.83,469.4,265.93,383.03,512.06,332.73,269.5,246.9,243.6,307.58,231.65,399.29,306.07,268.22,214.63,306.07,262.39,394.97,187.7,197.61,310.38,12.72,15.31,13.78,12.63,13.09,15.56,14.31,14.68,14.68,14.37,13.61,14.84,15.05,14.14,14.52,13.4,13.63,15.16,14.52,14.89,2,2,3,2
SJ02,49,39,,,,,,,,,,32,33,San Juan,Toiyabe,3,476200,4330520,10.911,2212,705.02,469.4,265.93,383.03,512.06,332.73,269.5,246.9,243.6,307.58,231.65,399.29,306.07,268.22,214.63,306.07,262.39,394.97,187.7,197.61,310.38,12.72,15.31,13.78,12.63,13.09,15.56,14.31,14.68,14.68,14.37,13.61,14.84,15.05,14.14,14.52,13.4,13.63,15.16,14.52,14.89,3,2,3,3
SJ03,33,25,,,,,,,,,,18,9,San Juan,Toiyabe,3,477044,4330500,4.02372,2312,666.98,672.33,384.29,531.13,706.62,463.81,369.82,347.74,357.64,411.99,330.7,554.22,442.98,397.26,308.61,427.5,365.24,558.28,258.07,298.71,409.44,11,13.47,12.04,10.92,11.39,13.78,12.64,13.08,12.85,13.03,12.34,13.38,13.64,12.85,13.23,12.22,12.32,13.67,12.98,13.4,3,1,3,0
SJ04,31,25,,,,,,,,,,14,8,San Juan,Toiyabe,3,477300,4331030,2.54155,2402,661.94,672.33,384.29,531.13,706.62,463.81,369.82,347.74,357.64,411.99,330.7,554.22,442.98,397.26,308.61,427.5,365.24,558.28,258.07,298.71,409.44,11,13.47,12.04,10.92,11.39,13.78,12.64,13.08,12.85,13.03,12.34,13.38,13.64,12.85,13.23,12.22,12.32,13.67,12.98,13.4,3,2,0,0
SJ05,35,28,,,,,,,,,,20,17,San Juan,Toiyabe,3,477847,4331020,4.2482,2500,755.89,672.33,384.29,531.13,706.62,463.81,369.82,347.74,357.64,411.99,330.7,554.22,442.98,397.26,308.61,427.5,365.24,558.28,258.07,298.71,409.44,11,13.47,12.04,10.92,11.39,13.78,12.64,13.08,12.85,13.03,12.34,13.38,13.64,12.85,13.23,12.22,12.32,13.67,12.98,13.4,3,3,0,0
ST01,20,,20,,,,,,,,,,,South Twin,Toiyabe,1,478584,4304100,5.47271,1952,682.91,892.04,515.12,672.83,922.03,620.02,479.81,461.01,486.15,530.36,462.8,702.56,593.83,540.01,414.53,582.16,490.74,739.91,353.31,417.57,514.62,9.35,11.79,10.43,9.34,9.91,12.22,11.13,11.48,11.13,11.68,10.93,11.97,12.2,11.41,11.89,10.98,10.96,12.26,11.57,11.94,,,,
ST02,25,,25,,,,,,,,,,,South Twin,Toiyabe,1,478185,4303030,9.52204,2057,739.24,465.07,271.02,400.55,513.33,348.74,280.67,242.3,216.42,300.48,239.01,427.99,311.66,254.01,202.7,313.94,259.59,386.84,228.86,227.34,310.9,12.98,15.59,14.03,12.78,13.37,15.83,14.39,14.88,14.92,14.78,13.91,14.9,15.2,14.46,14.78,13.7,13.93,15.27,14.91,15.17,,,,
ST03,25,,25,,,,,,,,,,,South Twin,Toiyabe,1,477224,4301990,5.78168,2159,670.28,465.07,271.02,400.55,513.33,348.74,280.67,242.3,216.42,300.48,239.01,427.99,311.66,254.01,202.7,313.94,259.59,386.84,228.86,227.34,310.9,12.98,15.59,14.03,12.78,13.37,15.83,14.39,14.88,14.92,14.78,13.91,14.9,15.2,14.46,14.78,13.7,13.93,15.27,14.91,15.17,,,,
ST04,21,,21,,,,,,,,,,,South Twin,Toiyabe,1,476262,4301110,8.61005,2263,797.95,754.12,455.17,644.4,804.15,542.04,458.72,381.76,389.9,492.52,396,680.71,515.6,441.72,349.5,538.22,430.78,647.45,355.09,376.17,475.24,9.31,11.76,10.28,9.09,9.61,11.98,10.79,11.21,11.01,11.48,10.57,11.5,11.79,11.09,11.41,10.43,10.52,11.8,11.38,11.69,,,,
ST05,32,,32,,,,,,,,,,,South Twin,Toiyabe,1,474745,4300460,8.72169,2393,805.91,811,476.24,698.74,864.1,584.72,494.03,403.86,409.97,531.88,422.66,732.03,550.42,468.65,368.04,576.32,453.38,693.41,384.29,407.18,513.33,10.13,12.62,11.1,9.88,10.43,12.79,11.65,12.01,11.88,12.17,11.28,12.21,12.47,11.83,12.11,11.13,11.23,12.48,12.07,12.38,,,,
ST06,25,,25,,,,,,,,,,,South Twin,Toiyabe,1,473807,4300720,3.23871,2512,694.62,754.12,455.17,644.4,804.15,542.04,458.72,381.76,389.9,492.52,396,680.71,515.6,441.72,349.5,538.22,430.78,647.45,355.09,376.17,475.24,9.31,11.76,10.28,9.09,9.61,11.98,10.79,11.21,11.01,11.48,10.57,11.5,11.79,11.09,11.41,10.43,10.52,11.8,11.38,11.69,,,,
ST07,24,,24,,,,,,,,,,,South Twin,Toiyabe,1,473223,4300960,3.20179,2606,724.78,754.12,455.17,644.4,804.15,542.04,458.72,381.76,389.9,492.52,396,680.71,515.6,441.72,349.5,538.22,430.78,647.45,355.09,376.17,475.24,9.31,11.76,10.28,9.09,9.61,11.98,10.79,11.21,11.01,11.48,10.57,11.5,11.79,11.09,11.41,10.43,10.52,11.8,11.38,11.69,,,,
ST08,26,,26,,,,,,,,,,,South Twin,Toiyabe,1,472414,4301140,5.45484,2710,868.53,931.41,555.75,829.06,997.73,683.25,578.61,464.33,495.04,615.18,492.25,833.63,637.03,564.13,431.29,688.84,534.92,798.57,439.44,476,583.7,8.49,10.98,9.47,8.28,8.8,11.18,10.02,10.43,10.23,10.72,9.85,10.74,11.06,10.38,10.65,9.68,9.78,11.07,10.54,10.93,,,,
ST09,12,,12,,,,,,,,,,,South Twin,Toiyabe,1,471914,4301300,3.55065,2810,617.42,931.41,555.75,829.06,997.73,683.25,578.61,464.33,495.04,615.18,492.25,833.63,637.03,564.13,431.29,688.84,534.92,798.57,439.44,476,583.7,8.49,10.98,9.47,8.28,8.8,11.18,10.02,10.43,10.23,10.72,9.85,10.74,11.06,10.38,10.65,9.68,9.78,11.07,10.54,10.93,,,,
SU01,44,40,,,,,,,,,,26,19,Summit,Toiyabe,3,478774,4313480,4.3498,2043,714.76,411.99,236.48,356.89,464.81,309.63,248.66,220.22,200.68,267.72,212.87,373.9,268.22,224.79,182.11,280.17,231.64,345.19,198.11,194.29,276.11,13.53,16.23,14.62,13.38,13.98,16.43,15.07,15.55,15.53,15.31,14.43,15.56,15.84,14.94,15.39,14.23,14.43,15.85,15.37,15.69,1,2,3,2
SU02,45,44,,,,,,,,,,28,16,Summit,Toiyabe,3,478203,4313750,2.42196,2133,602.95,411.99,236.48,356.89,464.81,309.63,248.66,220.22,200.68,267.72,212.87,373.9,268.22,224.79,182.11,280.17,231.64,345.19,198.11,194.29,276.11,13.53,16.23,14.62,13.38,13.98,16.43,15.07,15.55,15.53,15.31,14.43,15.56,15.84,14.94,15.39,14.23,14.43,15.85,15.37,15.69,2,2,3,2
SU03,56,50,,,,,,,,,,33,40,Summit,Toiyabe,3,477850,4314070,2.71634,2219,683.02,411.99,236.48,356.89,464.81,309.63,248.66,220.22,200.68,267.72,212.87,373.9,268.22,224.79,182.11,280.17,231.64,345.19,198.11,194.29,276.11,13.53,16.23,14.62,13.38,13.98,16.43,15.07,15.55,15.53,15.31,14.43,15.56,15.84,14.94,15.39,14.23,14.43,15.85,15.37,15.69,2,2,3,3
SU04,60,50,,,,,,,,,,36,49,Summit,Toiyabe,3,477161,4314100,4.38175,2307,690.05,411.99,236.48,356.89,464.81,309.63,248.66,220.22,200.68,267.72,212.87,373.9,268.22,224.79,182.11,280.17,231.64,345.19,198.11,194.29,276.11,13.53,16.23,14.62,13.38,13.98,16.43,15.07,15.55,15.53,15.31,14.43,15.56,15.84,14.94,15.39,14.23,14.43,15.85,15.37,15.69,2,3,2,3
SU05,56,51,,,,,,,,,,32,43,Summit,Toiyabe,3,476337,4314200,4.24074,2401,675.35,796.8,479.55,668.78,831.09,568.47,482.35,398.52,415.29,503.93,415.55,694.19,529.6,466.6,369.57,562.63,457.96,672.85,362.21,390.4,486.14,9.35,11.82,10.42,9.24,9.65,12.06,10.9,11.33,11.06,11.7,10.78,11.73,12.05,11.31,11.63,10.72,10.73,12.06,11.58,11.89,3,3,0,2
SU06,48,42,,,,,,,,,,29,27,Summit,Toiyabe,3,475989,4314850,3.17293,2492,754.98,787.39,468.1,655.83,815.58,560.57,460,398.79,410.97,491.73,408.94,683.26,519.16,465.33,364.49,556,456.7,667.51,350.52,387.09,477.02,9.53,12.06,10.66,9.44,9.9,12.28,11.18,11.57,11.3,11.86,11,11.96,12.28,11.52,11.81,10.9,10.95,12.3,11.74,12.1,2,3,0,2
SU07,43,37,,,,,,,,,,16,20,Summit,Toiyabe,3,475753,4315090,0.611667,2541,356.27,787.39,468.1,655.83,815.58,560.57,460,398.79,410.97,491.73,408.94,683.26,519.16,465.33,364.49,556,456.7,667.51,350.52,387.09,477.02,9.53,12.06,10.66,9.44,9.9,12.28,11.18,11.57,11.3,11.86,11,11.96,12.28,11.52,11.81,10.9,10.95,12.3,11.74,12.1,2,2,1,1
SW01,21,,21,,,,,,,,,,,Stewart,Toiyabe,1,465818,4308610,9.67381,2366,779.74,467.1,264.41,426.21,536.45,354.08,299.72,240.55,229.62,317.25,240.53,413.78,298.69,256.79,206.24,325.61,257.3,387.36,223.54,221.5,313.43,12.52,15.24,13.63,12.42,12.96,15.37,13.98,14.42,14.53,14.08,13.26,14.5,14.72,13.78,14.2,13.16,13.46,14.98,14.46,14.67,,,,
SW02,17,,17,,,,,,,,,,,Stewart,Toiyabe,1,466596,4307450,6.43168,2477,660.67,669.04,391.92,600.22,733.05,492.51,420.89,334,342.39,436.36,346.46,587.25,440.94,385.08,302.52,477.53,380,562.1,309.11,332.99,423.93,10.45,13.08,11.54,10.38,10.8,13.25,12.05,12.46,12.31,12.21,11.38,12.53,12.87,12.06,12.43,11.38,11.56,12.98,12.34,12.73,,,,
SW03,26,,26,,,,,,,,,,,Stewart,Toiyabe,1,466942,4306180,7.11503,2576,793.73,669.04,391.92,600.22,733.05,492.51,420.89,334,342.39,436.36,346.46,587.25,440.94,385.08,302.52,477.53,380,562.1,309.11,332.99,423.93,10.45,13.08,11.54,10.38,10.8,13.25,12.05,12.46,12.31,12.21,11.38,12.53,12.87,12.06,12.43,11.38,11.56,12.98,12.34,12.73,,,,
SW04,20,,20,,,,,,,,,,,Stewart,Toiyabe,1,467496,4305350,3.24532,2678,714.71,669.04,391.92,600.22,733.05,492.51,420.89,334,342.39,436.36,346.46,587.25,440.94,385.08,302.52,477.53,380,562.1,309.11,332.99,423.93,10.45,13.08,11.54,10.38,10.8,13.25,12.05,12.46,12.31,12.21,11.38,12.53,12.87,12.06,12.43,11.38,11.56,12.98,12.34,12.73,,,,
SW05,21,,21,,,,,,,,,,,Stewart,Toiyabe,1,468029,4304870,4.10199,2804,879.25,948.44,568.2,834.9,997.72,688.35,589.04,469.9,499.61,624.59,498.34,838.96,639.81,569.23,437.64,700.01,542.04,807.97,446.02,475.99,584.2,7.91,10.46,9.03,7.86,8.23,10.68,9.55,9.94,9.68,10.06,9.35,10.36,10.68,9.92,10.21,9.27,9.35,10.78,10.16,10.52,,,,
SW06,24,,24,,,,,,,,,,,Stewart,Toiyabe,1,468654,4304500,3.46196,2893,761.58,948.44,568.2,834.9,997.72,688.35,589.04,469.9,499.61,624.59,498.34,838.96,639.81,569.23,437.64,700.01,542.04,807.97,446.02,475.99,584.2,7.91,10.46,9.03,7.86,8.23,10.68,9.55,9.94,9.68,10.06,9.35,10.36,10.68,9.92,10.21,9.27,9.35,10.78,10.16,10.52,,,,
SW07,14,,14,,,,,,,,,,,Stewart,Toiyabe,1,469091,4304250,1.76503,2996,844.35,948.44,568.2,834.9,997.72,688.35,589.04,469.9,499.61,624.59,498.34,838.96,639.81,569.23,437.64,700.01,542.04,807.97,446.02,475.99,584.2,7.91,10.46,9.03,7.86,8.23,10.68,9.55,9.94,9.68,10.06,9.35,10.36,10.68,9.92,10.21,9.27,9.35,10.78,10.16,10.52,,,,
SW08,14,,14,,,,,,,,,,,Stewart,Toiyabe,1,469348,4304030,1.60478,3105,854.78,948.44,568.2,834.9,997.72,688.35,589.04,469.9,499.61,624.59,498.34,838.96,639.81,569.23,437.64,700.01,542.04,807.97,446.02,475.99,584.2,7.91,10.46,9.03,7.86,8.23,10.68,9.55,9.94,9.68,10.06,9.35,10.36,10.68,9.92,10.21,9.27,9.35,10.78,10.16,10.52,,,,
SW09,15,,15,,,,,,,,,,,Stewart,Toiyabe,1,469433,4303520,3.60811,3212,968.15,931.41,555.75,829.06,997.73,683.25,578.61,464.33,495.04,615.18,492.25,833.63,637.03,564.13,431.29,688.84,534.92,798.57,439.44,476,583.7,8.49,10.98,9.47,8.28,8.8,11.18,10.02,10.43,10.23,10.72,9.85,10.74,11.06,10.38,10.65,9.68,9.78,11.07,10.54,10.93,,,,
UN01,32,,,,,,16,15,11,21,13,7,7,Underdown,Shoshone,7,466658,4334280,7.86357,2041,616.52,344.68,196.58,289.3,387.6,251.46,202.43,185.66,172.97,245.88,174.24,296.16,223.27,180.59,156.21,234.72,190.76,290.32,150.13,137.93,236.74,14.43,17.13,15.55,14.39,14.89,17.43,15.94,16.38,16.47,16.08,15.02,16.48,16.66,15.5,16.13,15.04,15.32,16.98,16.26,16.63,1,1,0,1
UN02,42,,,,,,16,20,15,21,29,19,10,Underdown,Shoshone,7,465259,4334910,7.94871,2147,683.1,541.78,319.02,441.95,577.09,378.7,311.67,281.43,280.16,361.7,276.1,460.23,349.74,306.07,248.15,378.71,307.6,463.04,232.91,248.68,345.46,11.99,14.54,13.08,11.88,12.34,14.73,13.65,13.96,13.91,13.77,13.02,14.19,14.38,13.44,13.82,12.73,12.98,14.48,13.78,14.26,2,1,0,0
UN03,48,,,,,,29,27,22,25,35,23,18,Underdown,Shoshone,7,463637,4335470,9.61117,2256,751.25,541.78,319.02,441.95,577.09,378.7,311.67,281.43,280.16,361.7,276.1,460.23,349.74,306.07,248.15,378.71,307.6,463.04,232.91,248.68,345.46,11.99,14.54,13.08,11.88,12.34,14.73,13.65,13.96,13.91,13.77,13.02,14.19,14.38,13.44,13.82,12.73,12.98,14.48,13.78,14.26,2,1,0,0
UN04,50,,,,,,27,28,26,24,25,28,22,Underdown,Shoshone,7,462357,4336020,4.77628,2350,565.21,541.78,319.02,441.95,577.09,378.7,311.67,281.43,280.16,361.7,276.1,460.23,349.74,306.07,248.15,378.71,307.6,463.04,232.91,248.68,345.46,11.99,14.54,13.08,11.88,12.34,14.73,13.65,13.96,13.91,13.77,13.02,14.19,14.38,13.44,13.82,12.73,12.98,14.48,13.78,14.26,3,2,3,2
UN05,33,,,,,,18,19,18,16,12,20,21,Underdown,Shoshone,7,461725,4335430,6.95348,2444,864.43,755.41,455.43,605.79,774.69,527.81,429.77,383.77,394.7,494.79,388.63,641.84,488.18,447.81,354.84,543.55,448.31,658.64,324.1,373.12,455.18,9.78,12.23,10.8,9.71,10.04,12.47,11.46,11.74,11.53,11.98,11.19,12.28,12.5,11.68,11.96,11.04,11.13,12.64,11.86,12.37,2,2,0,0
UN06,29,,,,,,17,17,17,13,15,14,17,Underdown,Shoshone,7,461348,4334660,4.21924,2585,775.61,755.41,455.43,605.79,774.69,527.81,429.77,383.77,394.7,494.79,388.63,641.84,488.18,447.81,354.84,543.55,448.31,658.64,324.1,373.12,455.18,9.78,12.23,10.8,9.71,10.04,12.47,11.46,11.74,11.53,11.98,11.19,12.28,12.5,11.68,11.96,11.04,11.13,12.64,11.86,12.37,2,2,0,0
UN07,26,,,,,,17,18,13,12,12,11,5,Underdown,Shoshone,7,460983,4334670,1.42015,2679,626.4,755.41,455.43,605.79,774.69,527.81,429.77,383.77,394.7,494.79,388.63,641.84,488.18,447.81,354.84,543.55,448.31,658.64,324.1,373.12,455.18,9.78,12.23,10.8,9.71,10.04,12.47,11.46,11.74,11.53,11.98,11.19,12.28,12.5,11.68,11.96,11.04,11.13,12.64,11.86,12.37,2,2,0,0
VA01,25,,,,,,,25,,,,,,Vales,Shoshone,1,454867,4316850,10.3202,2216,703.75,522.22,313.69,453.14,575.82,382.27,332.23,271.01,260.61,353.82,272.02,463.28,342.91,292.11,238.51,370.59,295.38,450.09,240.04,249.7,341.89,11.67,14.42,12.81,11.57,12.13,14.59,13.29,13.76,13.68,13.48,12.63,13.93,14.15,13.28,13.72,12.64,12.79,14.32,13.73,14.05,1,1,0,0
VA02,19,,,,,,,19,,,,,,Vales,Shoshone,1,453722,4317670,4.12934,2295,571.68,522.22,313.69,453.14,575.82,382.27,332.23,271.01,260.61,353.82,272.02,463.28,342.91,292.11,238.51,370.59,295.38,450.09,240.04,249.7,341.89,11.67,14.42,12.81,11.57,12.13,14.59,13.29,13.76,13.68,13.48,12.63,13.93,14.15,13.28,13.72,12.64,12.79,14.32,13.73,14.05,1,1,2,1
WA01,17,16,,,,,,,,,,2,6,Wall,Toiyabe,3,479952,4281640,6.43696,1961,584.51,448.07,253.74,377.2,477.27,319.53,261.62,233.94,195.32,294.37,222.23,422.65,289.06,239.78,186.7,298.97,247.92,374.67,227.09,212.82,296.4,13.1,15.93,14.23,12.8,13.6,16.09,14.65,15.21,15.16,14.91,13.89,15.05,15.36,14.7,15.12,13.8,13.93,15.35,14.99,15.24,2,2,1,1
WA02,32,28,,,,,,,,,,6,5,Wall,Toiyabe,3,478507,4282220,9.82368,2056,681.74,466.34,267.97,395.46,496.56,338.07,273.03,242.82,207.77,305.57,233.43,442.72,307.36,251.47,198.89,316.49,257.57,389.88,236.21,225.3,310.39,13.31,16.07,14.4,13.04,13.76,16.23,14.77,15.29,15.33,14.98,14.03,15.11,15.44,14.75,15.18,13.91,14.02,15.46,15.13,15.38,1,1,0,0
WA03,28,27,,,,,,,,,,13,9,Wall,Toiyabe,3,476899,4282700,8.29264,2157,679.8,466.34,267.97,395.46,496.56,338.07,273.03,242.82,207.77,305.57,233.43,442.72,307.36,251.47,198.89,316.49,257.57,389.88,236.21,225.3,310.39,13.31,16.07,14.4,13.04,13.76,16.23,14.77,15.29,15.33,14.98,14.03,15.11,15.44,14.75,15.18,13.91,14.02,15.46,15.13,15.38,1,1,0,0
WA04,29,21,,,,,,,,,,12,13,Wall,Toiyabe,3,475926,4283820,7.90392,2251,697.91,609.83,355.33,518.65,638.57,432.28,362.2,307.32,288.03,399.55,308.61,561.32,407.41,339.08,267.71,423.41,338.84,518.66,296.17,294.64,388.11,11.85,14.67,13.03,11.58,12.37,14.88,13.53,13.97,13.89,13.67,12.71,13.86,14.23,13.58,13.98,12.72,12.72,14.17,13.8,14.07,2,2,0,0
WA05,31,23,,,,,,,,,,18,13,Wall,Toiyabe,3,474897,4284500,4.75473,2347,699.89,609.83,355.33,518.65,638.57,432.28,362.2,307.32,288.03,399.55,308.61,561.32,407.41,339.08,267.71,423.41,338.84,518.66,296.17,294.64,388.11,11.85,14.67,13.03,11.58,12.37,14.88,13.53,13.97,13.89,13.67,12.71,13.86,14.23,13.58,13.98,12.72,12.72,14.17,13.8,14.07,,,,
WA06,32,27,,,,,,,,,,16,11,Wall,Toiyabe,3,474467,4285060,2.80293,2439,706.53,609.83,355.33,518.65,638.57,432.28,362.2,307.32,288.03,399.55,308.61,561.32,407.41,339.08,267.71,423.41,338.84,518.66,296.17,294.64,388.11,11.85,14.67,13.03,11.58,12.37,14.88,13.53,13.97,13.89,13.67,12.71,13.86,14.23,13.58,13.98,12.72,12.72,14.17,13.8,14.07,,,,
WE01,10,,,,,,,7,6,,,,,War Eagle,Shoshone,2,450697,4332340,6.20395,2133,673.56,393.19,223.53,324.86,434.33,288.03,230.64,205.24,188.22,273.8,198.38,343.16,245.87,210.82,173.73,262.38,216.9,332.75,181.1,171.44,262.62,13.73,16.53,14.98,13.8,14.39,16.83,15.35,15.78,15.93,15.54,14.56,15.98,16.04,14.98,15.55,14.5,14.78,16.41,15.83,16.18,,,,
WE02,18,,,,,,,15,11,,,,,War Eagle,Shoshone,2,451229,4331490,5.76156,2246,765.7,393.19,223.53,324.86,434.33,288.03,230.64,205.24,188.22,273.8,198.38,343.16,245.87,210.82,173.73,262.38,216.9,332.75,181.1,171.44,262.62,13.73,16.53,14.98,13.8,14.39,16.83,15.35,15.78,15.93,15.54,14.56,15.98,16.04,14.98,15.55,14.5,14.78,16.41,15.83,16.18,,,,
WE03,27,,,,,,,23,19,,,,,War Eagle,Shoshone,2,451817,4331050,2.98414,2368,701.81,591.05,355.1,483.87,629.42,427.48,345.7,300.48,295.39,397.76,301.49,515.11,376.42,338.59,270.5,416.31,341.62,513.58,264.42,282.71,368.04,11,13.65,12.16,11.04,11.53,13.93,12.71,13.03,12.98,13.03,12.29,13.48,13.63,12.72,13.12,12.09,12.33,13.76,13.13,13.58,,,,
WE04,23,,,,,,,20,16,,,,,War Eagle,Shoshone,2,452303,4330820,3.22958,2476,767.26,591.05,355.1,483.87,629.42,427.48,345.7,300.48,295.39,397.76,301.49,515.11,376.42,338.59,270.5,416.31,341.62,513.58,264.42,282.71,368.04,11,13.65,12.16,11.04,11.53,13.93,12.71,13.03,12.98,13.03,12.29,13.48,13.63,12.72,13.12,12.09,12.33,13.76,13.13,13.58,,,,
WE05,21,,,,,,,18,14,,,,,War Eagle,Shoshone,2,452833,4330530,3.12809,2575,687.8,591.05,355.1,483.87,629.42,427.48,345.7,300.48,295.39,397.76,301.49,515.11,376.42,338.59,270.5,416.31,341.62,513.58,264.42,282.71,368.04,11,13.65,12.16,11.04,11.53,13.93,12.71,13.03,12.98,13.03,12.29,13.48,13.63,12.72,13.12,12.09,12.33,13.76,13.13,13.58,,,,
WE06,28,,,,,,,23,17,,,,,War Eagle,Shoshone,2,452701,4329860,8.60677,2680,893.08,591.05,355.1,483.87,629.42,427.48,345.7,300.48,295.39,397.76,301.49,515.11,376.42,338.59,270.5,416.31,341.62,513.58,264.42,282.71,368.04,11,13.65,12.16,11.04,11.53,13.93,12.71,13.03,12.98,13.03,12.29,13.48,13.63,12.72,13.12,12.09,12.33,13.76,13.13,13.58,,,,
WE07,22,,,,,,,20,13,,,,,War Eagle,Shoshone,2,452696,4329040,3.41877,2799,766.74,591.05,355.1,483.87,629.42,427.48,345.7,300.48,295.39,397.76,301.49,515.11,376.42,338.59,270.5,416.31,341.62,513.58,264.42,282.71,368.04,11,13.65,12.16,11.04,11.53,13.93,12.71,13.03,12.98,13.03,12.29,13.48,13.63,12.72,13.12,12.09,12.33,13.76,13.13,13.58,,,,
WI01,19,,,,,,,19,,,,,,Willow,Shoshone,1,450740,4330170,3.9266,2306,706.37,892.04,515.12,672.83,922.03,620.02,479.81,461.01,486.15,530.36,462.8,702.56,593.83,540.01,414.53,582.16,490.74,739.91,353.31,417.57,514.62,9.35,11.79,10.43,9.34,9.91,12.22,11.13,11.48,11.13,11.68,10.93,11.97,12.2,11.41,11.89,10.98,10.96,12.26,11.57,11.94,,,,
WI02,20,,,,,,,20,,,,,,Willow,Shoshone,1,451393,4330130,3.19873,2418,771.01,892.04,515.12,672.83,922.03,620.02,479.81,461.01,486.15,530.36,462.8,702.56,593.83,540.01,414.53,582.16,490.74,739.91,353.31,417.57,514.62,9.35,11.79,10.43,9.34,9.91,12.22,11.13,11.48,11.13,11.68,10.93,11.97,12.2,11.41,11.89,10.98,10.96,12.26,11.57,11.94,,,,
WS01,43,25,,,,,,,,,,25,36,Washington,Toiyabe,3,477460,4334260,12.015,2187,774.9,584.96,326.4,453.88,631.44,404.62,320.79,296.68,305.55,361.69,286.27,471.93,378.46,337.83,263.66,363.47,315.47,480.07,220.98,248.16,363.47,11.57,14.04,12.58,11.52,11.95,14.38,13.25,13.61,13.48,13.47,12.78,13.93,14.14,13.28,13.68,12.58,12.78,14.15,13.48,13.88,2,3,0,1
WS02,47,35,,,,,,,,,,27,28,Washington,Toiyabe,3,478953,4333760,4.49813,2281,544.84,584.96,326.4,453.88,631.44,404.62,320.79,296.68,305.55,361.69,286.27,471.93,378.46,337.83,263.66,363.47,315.47,480.07,220.98,248.16,363.47,11.57,14.04,12.58,11.52,11.95,14.38,13.25,13.61,13.48,13.47,12.78,13.93,14.14,13.28,13.68,12.58,12.78,14.15,13.48,13.88,2,3,2,3
WS03,52,40,,,,,,,,,,31,40,Washington,Toiyabe,3,480138,4334080,8.08087,2358,812.3,584.96,326.4,453.88,631.44,404.62,320.79,296.68,305.55,361.69,286.27,471.93,378.46,337.83,263.66,363.47,315.47,480.07,220.98,248.16,363.47,11.57,14.04,12.58,11.52,11.95,14.38,13.25,13.61,13.48,13.47,12.78,13.93,14.14,13.28,13.68,12.58,12.78,14.15,13.48,13.88,3,3,3,3
WS04,48,35,,,,,,,,,,26,31,Washington,Toiyabe,3,481404,4333780,5.64733,2456,719.26,892.04,515.12,672.83,922.03,620.02,479.81,461.01,486.15,530.36,462.8,702.56,593.83,540.01,414.53,582.16,490.74,739.91,353.31,417.57,514.62,9.35,11.79,10.43,9.34,9.91,12.22,11.13,11.48,11.13,11.68,10.93,11.97,12.2,11.41,11.89,10.98,10.96,12.26,11.57,11.94,3,3,3,2
WS05,43,28,,,,,,,,,,24,30,Washington,Toiyabe,3,482419,4333570,5.06003,2545,720.68,892.04,515.12,672.83,922.03,620.02,479.81,461.01,486.15,530.36,462.8,702.56,593.83,540.01,414.53,582.16,490.74,739.91,353.31,417.57,514.62,9.35,11.79,10.43,9.34,9.91,12.22,11.13,11.48,11.13,11.68,10.93,11.97,12.2,11.41,11.89,10.98,10.96,12.26,11.57,11.94,2,3,2,2
